<?xml version="1.0" encoding="UTF-8"?>
<project-private xmlns="http://www.netbeans.org/ns/project-private/1">
    <editor-bookmarks xmlns="http://www.netbeans.org/ns/editor-bookmarks/1"/>
    <open-files xmlns="http://www.netbeans.org/ns/projectui-open-files/1">
        <file>file:/C:/Projetos/Globalcode/Academia%20Java/labs/AJ5/aj5lab06_01/nbproject/private/private.properties</file>
        <file>file:/C:/Projetos/Globalcode/Academia%20Java/labs/AJ5/aj5lab06_01/web/index.html</file>
        <file>file:/C:/Projetos/Globalcode/Academia%20Java/labs/AJ5/aj5lab06_01/src/br/com/globalcode/aj/ecommerce/AdicionarProdutoCarrinho.java</file>
        <file>file:/C:/Projetos/Globalcode/Academia%20Java/labs/AJ5/aj5lab06_01/src/br/com/globalcode/aj/ecommerce/CarrinhoComprasView.java</file>
        <file>file:/C:/Projetos/Globalcode/Academia%20Java/labs/AJ5/aj5lab06_01/src/br/com/globalcode/aj/ecommerce/CatalogoProdutosView.java</file>
    </open-files>
</project-private>
